{"modelTopology":{"class_name":"Sequential","config":{"name":"sequential_1","layers":[{"class_name":"Dense","config":{"units":30,"activation":"relu","use_bias":true,"kernel_initializer":{"class_name":"VarianceScaling","config":{"scale":1,"mode":"fan_avg","distribution":"normal","seed":null}},"bias_initializer":{"class_name":"Zeros","config":{}},"kernel_regularizer":null,"bias_regularizer":null,"activity_regularizer":null,"kernel_constraint":null,"bias_constraint":null,"name":"dense_Dense1","trainable":true,"batch_input_shape":[null,30],"dtype":"float32"}},{"class_name":"Dense","config":{"units":60,"activation":"relu","use_bias":true,"kernel_initializer":{"class_name":"VarianceScaling","config":{"scale":1,"mode":"fan_avg","distribution":"normal","seed":null}},"bias_initializer":{"class_name":"Zeros","config":{}},"kernel_regularizer":null,"bias_regularizer":null,"activity_regularizer":null,"kernel_constraint":null,"bias_constraint":null,"name":"dense_Dense2","trainable":true,"batch_input_shape":[null,30],"dtype":"float32"}},{"class_name":"Dense","config":{"units":100,"activation":"relu","use_bias":true,"kernel_initializer":{"class_name":"VarianceScaling","config":{"scale":1,"mode":"fan_avg","distribution":"normal","seed":null}},"bias_initializer":{"class_name":"Zeros","config":{}},"kernel_regularizer":null,"bias_regularizer":null,"activity_regularizer":null,"kernel_constraint":null,"bias_constraint":null,"name":"dense_Dense3","trainable":true,"batch_input_shape":[null,60],"dtype":"float32"}},{"class_name":"Dense","config":{"units":500,"activation":"relu","use_bias":true,"kernel_initializer":{"class_name":"VarianceScaling","config":{"scale":1,"mode":"fan_avg","distribution":"normal","seed":null}},"bias_initializer":{"class_name":"Zeros","config":{}},"kernel_regularizer":null,"bias_regularizer":null,"activity_regularizer":null,"kernel_constraint":null,"bias_constraint":null,"name":"dense_Dense4","trainable":true,"batch_input_shape":[null,100],"dtype":"float32"}},{"class_name":"Dense","config":{"units":100,"activation":"relu","use_bias":true,"kernel_initializer":{"class_name":"VarianceScaling","config":{"scale":1,"mode":"fan_avg","distribution":"normal","seed":null}},"bias_initializer":{"class_name":"Zeros","config":{}},"kernel_regularizer":null,"bias_regularizer":null,"activity_regularizer":null,"kernel_constraint":null,"bias_constraint":null,"name":"dense_Dense5","trainable":true,"batch_input_shape":[null,500],"dtype":"float32"}},{"class_name":"Dense","config":{"units":60,"activation":"relu","use_bias":true,"kernel_initializer":{"class_name":"VarianceScaling","config":{"scale":1,"mode":"fan_avg","distribution":"normal","seed":null}},"bias_initializer":{"class_name":"Zeros","config":{}},"kernel_regularizer":null,"bias_regularizer":null,"activity_regularizer":null,"kernel_constraint":null,"bias_constraint":null,"name":"dense_Dense6","trainable":true,"batch_input_shape":[null,100],"dtype":"float32"}},{"class_name":"Dense","config":{"units":30,"activation":"relu","use_bias":true,"kernel_initializer":{"class_name":"VarianceScaling","config":{"scale":1,"mode":"fan_avg","distribution":"normal","seed":null}},"bias_initializer":{"class_name":"Zeros","config":{}},"kernel_regularizer":null,"bias_regularizer":null,"activity_regularizer":null,"kernel_constraint":null,"bias_constraint":null,"name":"dense_Dense7","trainable":true,"batch_input_shape":[null,60],"dtype":"float32"}},{"class_name":"Dense","config":{"units":1,"activation":"sigmoid","use_bias":true,"kernel_initializer":{"class_name":"VarianceScaling","config":{"scale":1,"mode":"fan_avg","distribution":"normal","seed":null}},"bias_initializer":{"class_name":"Zeros","config":{}},"kernel_regularizer":null,"bias_regularizer":null,"activity_regularizer":null,"kernel_constraint":null,"bias_constraint":null,"name":"dense_Dense8","trainable":true}}]},"keras_version":"tfjs-layers 1.7.1","backend":"tensor_flow.js"},"format":"layers-model","generatedBy":"TensorFlow.js tfjs-layers v1.7.1","convertedBy":null,"weightsManifest":[{"paths":["./my_model.weights.bin"],"weights":[{"name":"dense_Dense1/kernel","shape":[30,30],"dtype":"float32"},{"name":"dense_Dense1/bias","shape":[30],"dtype":"float32"},{"name":"dense_Dense2/kernel","shape":[30,60],"dtype":"float32"},{"name":"dense_Dense2/bias","shape":[60],"dtype":"float32"},{"name":"dense_Dense3/kernel","shape":[60,100],"dtype":"float32"},{"name":"dense_Dense3/bias","shape":[100],"dtype":"float32"},{"name":"dense_Dense4/kernel","shape":[100,500],"dtype":"float32"},{"name":"dense_Dense4/bias","shape":[500],"dtype":"float32"},{"name":"dense_Dense5/kernel","shape":[500,100],"dtype":"float32"},{"name":"dense_Dense5/bias","shape":[100],"dtype":"float32"},{"name":"dense_Dense6/kernel","shape":[100,60],"dtype":"float32"},{"name":"dense_Dense6/bias","shape":[60],"dtype":"float32"},{"name":"dense_Dense7/kernel","shape":[60,30],"dtype":"float32"},{"name":"dense_Dense7/bias","shape":[30],"dtype":"float32"},{"name":"dense_Dense8/kernel","shape":[30,1],"dtype":"float32"},{"name":"dense_Dense8/bias","shape":[1],"dtype":"float32"}]}]}